speed,acceleration,temperature,battery_health,battery_life_minutes
57.454011884736246,0.9256646441930982,3.085284186795299,90.18108982626694,162.0551758798208
115.07143064099162,2.7095047368917906,2.3489399535999915,93.90044191574117,128.92479961639185
93.1993941811405,4.364729179382041,35.312729026051834,77.51403696377497,98.0448114513346
79.86584841970367,3.661124432047806,2.4773099924753055,88.74622298820996,120.43962310212194
35.601864044243655,4.032805739307249,3.5974863064315503,87.15237949431246,122.79943398440015
35.59945203362027,3.293916833553587,27.969913120898184,94.98491130364813,156.86277337630767
25.808361216819947,3.4613828225892624,12.486992122526999,97.18261181443782,152.4805697580356
106.61761457749351,4.2459782578265965,28.83552784775906,70.36470314432161,71.94295922725016
80.11150117432088,1.2483400442959298,-6.731692121780738,90.22059757176378,138.60887975458442
90.80725777960456,2.4471248182157024,14.378559683669216,71.55507397359187,99.37626972258063
22.058449429580243,1.1060472090980111,-8.319319990835869,86.46575995232068,150.61073463929478
116.99098521619943,4.938340039983235,-6.867339827232274,78.62898187131034,67.2637632245756
103.24426408004217,4.720296698433066,35.321872667220546,79.20329798566424,93.16255579311152
41.23391106782762,0.1971340568425295,-3.037731444120242,80.58875510357069,148.35836155473254
38.18249672071006,3.5278758625784423,16.621034113760857,88.6387734714883,132.2688967581267
38.34045098534338,4.626241587078329,10.554780130035326,80.02149897006308,111.4359764079749
50.42422429595377,0.9028767256366677,7.367166312942135,91.98097151770841,158.47840655210146
72.4756431632238,2.839726152763147,34.99166728436362,82.13582156721608,127.86534611325018
63.194501864211574,4.577441487940209,-8.908830161225525,72.05059600929876,67.58008554624081
49.12291401980419,0.1697298929289942,23.189484308779456,93.51279527452321,179.6791488337768
81.18528947223794,3.4871013362341996,38.16972171067752,78.57274973778118,121.88032241927765
33.94938606520418,1.4867450368627537,18.008409173092097,82.98300638797788,152.4960916165328
49.21446485352182,4.621980976882652,36.84112310165459,90.56331649665705,143.4551558793985
56.63618432936917,4.855291225826839,-7.387106035698812,79.97368471446136,93.32076158366385
65.6069984217036,4.721332445567169,10.939665953708069,71.69756968440147,76.45119922082236
98.51759613930136,2.371071083287319,3.0078895481025576,81.21763141038441,109.01927179851873
39.96737821583598,4.310213254946567,26.541048249036493,98.33345748082911,150.94409742637274
71.42344384136116,4.222746992675352,39.064854524862334,89.25203191895675,141.034862541378
79.24145688620425,1.5955023662162782,2.82650312221239,90.14437446001621,135.990596520983
24.645041271999773,4.144577370753387,22.708730073703727,88.9684646091292,144.92049661292202
80.75448519014384,0.1850381735774631,-0.09511836201299317,75.9697641687831,130.28001121428576
37.05241236872915,2.981349392410265,18.266512728580494,82.5500159230684,142.45217158428608
26.50515929852795,1.1500441864385151,13.19662433441681,92.52819395089955,170.15427745191647
114.88855372533332,0.602834428886394,38.60026648157685,73.04118692659478,128.44920748541486
116.56320330745594,0.3847660081460458,20.42636363482333,78.33558328269137,139.4759864917914
100.83973481164611,3.4814438793906985,7.475318604340938,78.2895732539756,92.16223818805238
50.46137691733707,1.6993748188403308,-4.295210755603332,82.96056782783518,123.96616777660246
29.767211400638388,3.6238338576438074,-2.4376585632532723,99.41106222826555,143.03474300873606
88.42330265121569,0.32678170399471185,1.2658464975617552,72.02507640051466,118.45182835880505
64.01524937396013,1.5764516891530516,2.5483330670149,85.56102983141786,128.01138345233167
32.20382348447788,2.697456461876686,32.53080289205689,75.38094046036632,128.52997543796124
69.51769101112703,3.953615824194818,18.061139414126245,99.12029636229232,149.06626282155625
23.43885211152184,1.5937625146603496,16.169545568718323,73.39910514182392,132.83957997209654
110.9320402078782,3.1294568821850453,-4.2615564065391265,82.10803007084773,99.63832537513285
45.877998160001695,4.429888741180935,33.00698466747175,92.13654954503818,143.82575384300662
86.2522284353982,3.0793159409115227,26.140715160424186,91.13663284082335,145.06912438869108
51.1711076089411,1.164797373768169,-6.61658190499992,82.68185910681797,130.29453933707796
72.00680211778108,0.1220039077826901,25.391754861488437,80.39572503858155,147.2802721024534
74.67102793432797,4.350494369504649,17.176910867132303,81.92837135658611,102.67564884503938
38.485445552552704,0.10634705425193569,-5.913732712661087,77.92828789475918,144.44156428421567
116.95846277645586,4.3735083634209975,12.915032076432823,76.159988161204,84.456862835453
97.51328233611146,2.64468567013606,14.234814356502348,84.4911909267667,122.65507422618309
113.9498941564189,4.695338492564481,-1.7112729918362124,78.05601268202822,80.03550403001749
109.48273504276489,3.993916178868327,37.284907350014116,78.6238499469175,97.21596693044742
79.78999788110852,4.989670552666688,32.49876857403309,89.70268190423671,130.15716376224623
112.18742350231169,1.7535590772585508,23.451116866455415,99.05611995099676,166.26217362050352
28.84925020519195,3.8359414446556346,13.11477805003036,88.10911601678126,139.4395415366925
39.59828624191452,2.009654568046211,10.588277079225424,72.30938401194899,126.84586955432955
24.522728891053806,2.3993781015195443,22.548673357547706,72.267508415622,116.1756377891174
52.53303307632643,3.1375273160918504,17.271593470345273,98.54269662536697,155.9637662207769
58.8677289689482,4.368385570931694,-6.886344705905719,78.91872370922,89.373583362076
47.13490317738959,4.9204173459964755,15.625132438516584,72.76200958247426,93.5993375898119
102.87375091519293,3.841367069322591,30.320180861641973,87.97133761451144,116.57626599404935
55.67533266935893,2.088833910836669,12.961993879847903,88.70946334870798,150.09646047485296
48.093450968738075,2.106785011385351,-7.402171122286579,89.45514460356064,146.56599896148663
74.26960831582485,3.6879115079444573,29.313909969201653,78.02206083572624,115.01709358228126
34.092422497476264,1.1938857288415117,0.06818910679871948,70.45332052643425,120.19290668691735
100.21969807540397,0.5523705656569733,2.931041744401938,98.95046108363415,158.8374612557746
27.45506436797708,1.7731107882038826,-1.7646823283852058,77.52679137073308,123.96935955421476
118.68869366005173,1.4361949582704088,6.510753243574879,90.28078864157642,140.096490750704
97.22447692966574,1.4815406022799504,27.83757528443175,91.1988960963613,156.23057575276593
39.87156815341724,1.1680387552495497,15.969292975196868,88.30022251238458,160.7481359169592
20.55221171236024,0.21046594818180941,0.24406370753562712,79.38722182640944,148.5366047822311
101.54614284548342,0.08936967366706905,33.89150390760204,78.13288761292198,131.7249482237724
90.68573438476172,4.938611948680157,33.97909274757646,87.93004848108109,110.90354144029811
92.90071680409874,2.138865668679312,33.52892125230034,95.98286900835075,169.02842235052753
97.12703466859458,1.9216332357984083,1.9398105690769647,98.40201186770187,143.01720840636744
27.404465173409037,3.3982364134653493,12.561967209049406,73.17717413211273,111.37902728817937
55.84657285442726,1.0912694393253208,39.249482807043755,74.6448583779316,146.28501177577968
31.58690595251297,4.749805919751127,28.600623815499517,98.34208776349239,147.7357431114579
106.31034258755935,3.9317250720777603,-8.64162893872201,92.09605685004378,109.58449810758658
82.3298126827558,0.44705501156129757,-6.739770436975397,96.4898147448932,165.12982803841226
53.08980248526492,2.087903878924642,13.196568840616639,76.07897902406029,122.01275954313924
26.355835028602364,4.395591537810823,35.461010293078004,87.62757613328205,155.46500680474801
51.098232171566224,4.723660111457051,16.935089897635713,91.03418783252421,119.62685355343493
52.518332202674706,2.3370075562493486,14.890625401714512,90.40335656340918,154.42009325379908
92.96061783380641,3.0670569460535386,-4.726315002168471,82.24455072600094,102.70318045325801
83.75574713552132,0.8351697304603761,22.839005236214703,70.46184675073926,122.72437544850908
108.72127425763266,4.955843130684883,31.105158030011275,87.4877817041279,110.55986459761903
67.22149251619493,1.1583585069172169,9.021000375378115,77.59304617538827,124.28077872888497
31.95942459383017,4.713658870675628,28.780592546266377,83.5076273842867,125.82611691909796
91.3244787222995,3.2482332449618423,38.22383269504058,98.72743045251451,147.3975939292496
96.07850486168974,3.0386839743942957,0.18832295638445373,81.97105952927305,107.8421268371454
76.12771975694963,2.563442555082543,16.166481559737065,95.19404819993281,151.48938803177646
97.0967179954561,1.1533490585887933,4.356897904228777,75.65621817247754,116.02168015576022
69.37955963643907,0.8826401600275413,29.64272095169197,90.17381494075087,170.81931249157634
72.2732829381994,1.1024310453508768,18.879668294057875,99.3102086331683,177.1920552794455
62.75410183585496,0.9321913107212726,21.72912087751519,73.0567930261881,129.57044993215598
22.54191267440952,3.8979223678337664,29.895707980794704,70.24959826681577,105.2999113600619
30.789142699330444,1.7506262958336505,9.798523633122745,83.00748377897843,140.61011978813733
23.142918568673426,0.28921338281698183,35.75450342035216,72.77876449154101,159.5334443953729
83.64104112637804,4.845513150704057,16.651443362307,92.45153049028694,126.86301584530331
51.43559810763267,4.4189294248171285,-2.1022588582325996,97.43645991545677,133.0112645397759
70.85706911647029,4.638761415976065,24.794955908440123,83.02062918126276,111.02401515831023
110.7566473926093,4.974539113232177,29.663067521912723,77.76134926466322,82.85877506520941
44.92922291488749,0.8694762460974365,5.838083853376334,83.0320995701983,152.67349595798137
61.038292303562976,1.9812100945132938,32.85896284993765,91.70343453550004,165.03984597822597
95.55511385430486,3.7911923785204564,35.30716273828832,70.27162484741113,101.32446030478914
42.87981654916224,3.480103090268961,3.845224368890447,87.68361968454091,125.2332603001901
27.697990982879297,0.7694795316992753,39.1760736357611,88.39875054662137,178.49130580417565
48.975145291376805,4.079165624953089,-2.964423597562079,89.13064740687807,122.45211279065903
36.122128725400444,1.1222028591833033,0.10078342012449859,77.26066239942631,135.74549698809057
112.96976523425731,1.1190880741131153,-0.7887580380986936,91.4215817013438,136.28863588449175
100.8120379564417,2.6848721144670677,34.69948550039352,72.7417445899533,101.37609394623168
83.34037565104234,2.9646996742085157,22.714627616248094,75.97811009400402,113.07146220335208
107.14605901877177,2.9004310391890558,-2.3947858388863565,96.32410139963446,133.90835859503156
100.36720768991145,0.45743418698877436,12.016170918417448,92.16169452179699,151.06559982312288
38.657005888603585,4.387304313151902,20.764901253490102,70.41236662034036,102.51425297485319
109.25589984899777,1.3280002129435302,-5.826795750530835,77.451287811094,111.78339920877097
73.93422419156508,0.6475746064140209,34.12081842036694,76.43219448979494,141.94026735440258
100.74401551640625,4.443740399344886,30.180176772076756,78.12418984110917,97.07584873176617
109.60912999234932,4.778257491148767,15.26033867883191,77.4267931083966,84.58873050259622
51.80034749718639,4.310638086327253,38.35633076295852,71.87578887228537,99.97474266234026
31.005192452767677,4.04758037362439,10.888048963754986,83.7682154979046,123.35325140143291
42.79351625419417,3.2762099031951086,39.20551595182489,91.98200424358495,147.2046948318271
62.71077886262563,2.7542868530456968,23.395999940181355,88.20195174152309,146.1280794914069
101.80147659224932,0.4349337995570507,21.733563662697073,90.1861500579424,148.54183486177877
106.07305832563435,2.0422660653534934,-1.7022552352107496,72.43447535608718,99.29034408548874
20.69521305311907,1.86344258506157,34.0963879152322,98.54472130530363,187.6440463318397
71.07473025775657,1.2987689188016311,11.37448439603076,95.15475501529075,160.62830905359772
61.7411003148779,3.6171005684429245,-1.8883297108760324,94.15270955486989,129.52924894498662
42.21078104707303,2.4793786753938543,-9.369624001212047,94.68951415125302,145.79700086422915
31.986536733368283,0.40523107953823967,17.987784181919128,97.98131524398283,198.40090748927253
53.7615171403628,1.1009160097490567,16.369981106133817,86.32761898341093,141.26356999761398
114.29097039125192,3.4162938182979796,25.967681118457925,76.00846053602878,102.93535926137208
52.320293202075526,0.3806542974515009,34.512902650890105,88.50350823557623,176.4509542669684
71.87906217433661,4.256034570243844,-6.029670767848524,92.28644481003818,111.39888164212658
90.30189588951778,2.4757326350698716,26.574824517018115,92.13752180062076,140.33799877695031
56.3629602379294,2.40293288663324,-0.6294027951208889,85.64347072500641,138.41598825078216
117.17820827209607,2.962038923297588,32.9088526578582,72.05376158000735,91.06056337462543
116.24472949421113,4.123404829625746,30.953175693082805,81.13338815290383,95.8691444548485
45.17822958253642,1.7390460395109653,17.03968774927722,97.62299825390072,178.50848382439312
69.72485058923854,3.390080762795318,25.512139931165578,87.53346729272278,134.69750612773316
50.087830981676966,2.8286598199789554,5.71750565918742,86.1499582976714,127.15609404796187
48.48404943774676,1.3351413508471066,13.558394946640732,78.0656054314658,136.09690487347999
23.68869473545328,4.39314993177579,31.08184488552358,81.05346759749736,121.48098648116125
80.95643339798968,3.9871301080346404,12.963259858660695,96.86038267459509,141.54827117089027
70.26790232288616,3.2922591732921274,7.889913266272089,89.99389142580507,135.23663187932473
25.147875124998933,4.2529086454712095,14.710622362514993,93.62161080256999,147.1851147882954
47.86464642366114,4.336471004799012,31.412462621860918,83.63036269202965,127.05115802613638
110.82658859666537,3.541814883575174,6.760402368543637,88.90741658368474,121.3348495612268
43.95618906669724,4.18506664181836,-1.31192034321281,77.45150826229623,99.2079648517344
34.48948720912231,3.487357308346418,25.60070101653904,91.16382490850458,143.99821045197382
68.94527602775631,3.400703858801502,31.29891063540409,82.82804001110011,128.8622835077219
118.56504541106007,3.0930568910759213,-4.968126073823333,83.27636544444236,107.99882056558141
44.20552715115004,3.763583197788206,1.9937056377972358,89.47966973730645,123.98490470435519
87.21355474058785,0.7930255264653685,-2.901400511950305,98.0884186440678,158.8245015118605
96.16196153287176,4.404353795994642,7.39707057910833,71.92019039825863,76.72901985677072
43.76375439923997,4.35921763872616,12.517548945270633,94.74229712041023,138.75254176139347
92.82163486118596,0.14623641517279573,27.44131684816532,78.77149331236579,137.04327253684392
56.77831327192532,4.129083752823814,22.557379244083705,83.31758363519134,125.19881466376114
83.23058305935794,0.644349337367226,21.046428373921557,70.65739986325026,132.025549232068
83.35297107608946,1.6755942712957095,7.618747330482719,79.03138233502939,121.09096159463574
73.57746840747585,3.717541281458039,32.072377654238,85.07893727890391,122.42506859942367
29.02897700544083,0.803799480241541,13.564358369908227,71.68528232042317,125.66125329648543
103.5302495589238,4.0898351205953105,38.95524690075773,84.73287188149496,118.27582104584445
52.07800649717358,4.16067088978871,21.70710691478684,97.81331886575282,154.76946705844117
38.651851039985424,2.537338668804181,-3.6867629217748634,73.16179654323416,109.88710835802034
24.077514155476393,0.0319293585841679,23.808878103771697,92.93322184226513,190.21631569933723
79.08929431882419,1.435190665874564,6.255200771584949,82.29013160127978,126.68281037501262
87.75643618422824,3.084634591878711,24.31635983430487,89.65521143573014,128.83450785096667
21.658782892785617,4.9059308901371175,-6.517942591879713,77.80709793955688,100.97203744559148
71.2093058299281,3.1590676350833418,-1.2559281412020304,74.78476787624075,100.55696168899658
42.649577519793795,1.2990179053207989,32.786862945289315,74.81387842813679,132.50748708631846
84.51727904094498,3.170028515498057,1.3589778511757444,72.11475836929434,95.80273168781589
37.436642900499145,2.6999268985792773,31.852056262147002,75.5694011470373,131.70492467367558
89.09377381024659,3.899226975755718,3.9638044227205214,89.92658154966905,123.11263663579619
58.67353463005374,0.534903194134792,22.144095502935386,96.45071835530524,174.31175338928855
113.67299887367345,3.80513951251014,24.707528675491552,94.42377056773486,122.21888990893488
33.75209441459933,2.7063328933805515,15.632737657252648,90.55402929623452,150.9906236140736
54.10663510502585,4.814960019294973,5.265533834836564,73.31295590233307,87.39101013210292
31.347352124058908,1.7093608301934304,0.6322188185548061,78.67562338887849,140.15134636251724
112.46936182785628,3.1631094656697405,-8.34053227187869,79.29420625967407,92.57663774743017
107.7339353380981,4.660140527550087,5.197320062036191,77.49870839192863,77.4610845538849
45.79416277151556,0.5125486399533963,22.65813952656415,85.4501697912917,158.23382807654738
85.99840460341791,4.686142436182256,36.91524092242413,86.06661444639018,124.07990647474026
101.72222002012158,3.439428611504067,33.5602241131526,80.7065792551333,108.4587913170122
75.52008115994623,0.3391852955258595,28.30323882676513,80.61367476209308,157.47343440818787
72.96505783560065,1.5048178347340813,29.422367162664933,94.85666793718244,166.0649005096438
44.18522909004517,3.540860443226408,23.249245173799764,93.67878544959056,158.27093068989262
29.310276780589923,0.3367530073438585,3.01434287830015,79.23387495042238,151.20896468267566
109.72157579533267,2.9108523008813663,35.359751535291494,97.41365331619778,149.79720920541553
110.04180571633304,1.7294152847647837,23.5366155952917,98.58445051007519,156.03353239611786
83.31014572732678,3.1045775888373854,18.022031549021996,79.80227626090122,110.87220930301115
53.90297910487007,0.22871016906256425,-4.4505265393259466,80.63274846379164,142.72382169770984
54.92095746126609,4.357684030761881,12.35277719032127,85.16902460265877,116.84709273556811
92.59556788702393,4.867444845886984,13.017913560096314,98.2336243760102,123.554029666748
109.71102599525771,4.8443892764284575,33.228180476133495,96.28958299426935,127.0078986121554
108.70864242651173,3.7482591587146237,17.332411009389425,73.07703887750769,85.1179840932061
97.98755458576238,0.6504312006531598,9.020027448520484,81.78192229814249,121.52960946621084
84.20316461542878,3.791315979645113,38.840016425532966,86.60113569249316,131.7390109906165
28.413996499504883,0.12293458229400755,-4.463970333684216,85.0939741765462,153.3038122898747
36.162871409461374,0.11061775764498627,11.12742141559723,75.81589203810678,139.47379376869517
109.85541885270793,1.6180510957477061,-7.898766241429735,95.76450313504463,130.0057648005314
80.64290596595899,2.443215952023329,26.995206038346517,90.30822348990512,136.51955619962305
20.919705161662964,3.852037089038966,35.90382760995753,95.13725124555411,156.652896341637
30.14715428660321,3.416476883032526,4.001866477524471,95.76292838048417,146.77277009527188
86.35017691080559,2.229513531883742,32.91708383995604,92.4506756099722,162.92600043547614
20.50615838462187,1.3681333314083295,4.610911523094888,83.17631803749151,146.1955126275846
36.08080514174986,4.985622500788556,35.53850808219576,88.31640265046273,134.61034332295299
74.87337893665861,2.1309065111798646,27.6980951798392,74.8109621835923,121.7023000968396
89.18951976926932,2.2569351216483775,30.24533884207193,90.20936252424723,146.87051325334508
85.19612595026005,0.8181191059583459,-9.099672219977275,75.37759767217842,112.07811308607678
42.426930946055975,3.974047743749647,38.1405178537013,90.81848771530471,142.2622088181506
91.2179221347536,3.468411128907443,26.33354960351616,76.88794482261906,112.14781425889174
43.72490874968001,1.103848063943802,5.237554769306666,73.5265390045066,134.55188534751395
52.539969815926774,0.4119052280792135,31.469733242942347,74.95853470428872,137.357599333865
94.64914051180241,3.4024965103735654,4.0760599207464985,70.0597640565721,74.6177078618092
84.96328990472146,3.2725560714056763,33.6376919783064,91.56218853560591,140.3296236630068
104.9223410494178,1.3662976349910467,-4.3709804794031495,91.97203147175136,131.79620506451437
85.76128923003434,4.754317811252052,25.184298873039786,85.44800049739779,112.74641331706397
76.83086033354716,0.7552894589045012,17.034923832245518,74.84088403166152,123.95571627830357
29.36747678280925,2.1616740052130097,-5.173276490227959,72.5066301253207,122.82491925758755
56.77158030594335,4.718079600837994,2.0946914129419483,70.57386899311861,83.93555656426324
46.520236768172545,2.0986365846306114,-9.379798186134261,74.97244530895662,111.37542480124931
44.39896433790835,3.1926297383204276,13.438398273225292,96.72566604949441,160.05947586762332
117.30105547524455,1.9879719898139714,5.063263038000018,77.24610525105045,107.48330760217439
59.30977246667604,1.3710760117433503,19.91787421488794,80.62813981651647,136.89178744274938
109.20465551771133,4.919888239799141,4.8618903854308595,73.16036453443999,62.710308985580774
83.11386259972629,2.046670031575215,4.995955575349235,76.6708391424451,110.82951229174303
99.48113035416485,4.470496018395672,27.15965993658017,85.57673712340616,114.49218554738593
70.2637093105192,1.149773029455431,-7.592858201082327,88.23258049286957,140.787190790755
77.69038846263591,1.0655235201254165,35.144749759599364,77.36056942498634,130.44617957877244
69.25176938188639,0.1556704144225568,32.61319371955907,71.73196477675351,133.4241692347409
39.524298779804454,3.2583341268794253,23.39023416132033,81.73098607382195,130.3465940075966
92.24521152615053,1.8426317186188057,19.661078505369215,77.02610112779003,117.4045328426023
48.07723624408558,4.321791249198185,34.615124906982615,76.58661769689405,122.70242536602092
22.431596643145383,2.366049533457786,-0.7334910235642784,98.79588408140366,159.9051086115087
84.54722959071678,4.840967139573609,-6.051541890458569,88.48901457777173,102.70636414654243
37.71106794070489,0.9276275785156057,1.9755084954769053,86.70635329516287,161.25643021233813
114.04585843529144,4.343115839778054,29.728913935009516,82.47325310569965,113.5232959776501
115.39285770025873,3.8829842639587087,-8.266486663675835,82.86833000290433,86.13372960838623
111.48643902204485,3.85460922322026,19.140341754174482,86.22715011514242,112.48959443215702
57.01587002554444,4.223916140584438,39.77187580956549,90.89289421108322,145.17660569943467
21.545661652886743,3.8051199547149945,32.78480469187697,91.06438288545488,154.9836787315987
112.83185625877253,3.131101608157077,16.072284452179474,75.15081723116349,92.68297772301766
62.81841483173143,0.6562243884119379,-6.817954535667883,85.00338256229881,143.36989647062512
116.66548190436696,0.16263089745625958,31.568675719285494,82.35874285102307,131.21463958971776
116.36199770892529,4.604239239078434,19.94892540886053,96.11580898808153,124.66543642744455
105.300945546736,3.0832515726036904,-4.253350147021658,88.94256763655129,113.96655032784389
49.444889206958564,3.9826864548808816,-5.30713575883219,85.97512199247946,113.5239703107551
58.50977286019253,2.4076117575627505,35.48134097182962,73.46183926536752,133.2696105615624
105.11366715168569,0.5865409448119724,23.46001314690392,88.16913667970235,147.29410024527846
51.69220051562777,0.6259289610127522,31.464339965837773,73.516117170407,138.9820746135919
36.94927466860925,3.4278264361448567,33.94894501411336,80.11619726697256,141.80158678999413
75.68012624583501,2.1515294744973135,18.58861760241611,74.28525894442996,109.48518754709505
113.6154774160781,1.0026236335016836,15.872317587752065,90.76220941073106,142.59912164081518
89.6029796674973,2.4579727337071846,11.521370516049508,76.18756341508458,105.94006373371863
77.0061170089365,0.32104468537567044,5.847329389555965,81.75578119564078,144.32661754026964
29.717649377076853,2.909857009571994,11.729798042935588,96.87024332856336,162.6305333065181
81.50072266991697,1.3449670221754884,28.693982786507817,76.12949150196911,122.24296063870085
119.00538501042632,3.9877955031859407,20.09617155075658,85.23415191876337,102.27597626228179
34.0084015236524,1.5518097946178688,34.6261644977423,82.57814983498066,153.711991349497
71.83296523637367,2.276100745409006,12.169000718959385,70.54372123137189,102.47494057110607
107.73730719279554,0.05810269954050318,20.3544789359377,93.78274340718438,166.96972542224307
94.07686177542044,0.3622344389727944,21.565377654599438,72.071377189438,125.17106906326151
89.7015740995268,1.962467782033424,19.584858115316276,84.22765062930861,122.83252149584106
90.24840839871092,2.3996941735856177,25.13168865427582,86.82034884816849,140.45478270580972
55.94911512197552,3.0001027405965184,1.8716734187403148,88.85279369843761,133.11850639367069
49.35918442644933,1.4583128935465162,15.618188877289533,90.65894887923626,166.65876817168683
100.93611554785136,3.474909430632713,-4.788759859582616,77.59817150568145,89.99302574734241
101.01133946791808,4.300611985946023,9.225566382240629,70.29936329975348,77.40860287947045
106.70723185801037,3.8992549444667493,14.38335343106322,91.70330987064736,121.92630401200636
111.32405525564712,0.19809412674178573,22.611212977273624,86.06969798042735,154.7979733863933
71.13423988609378,2.4025347362891445,37.526552629310174,95.08353109621746,166.17597235845932
70.15162946871996,0.5246508920908743,20.032553327417794,94.64165088702083,172.51800444401132
99.82951789667752,1.2102250793126372,27.179695808827987,95.2997850336365,173.50048541179177
84.99639307777652,4.933312966335732,15.313302974760138,84.5528397993862,106.37546911086167
90.19668772577033,0.7124777145075661,21.705201568816566,80.00885187510598,139.55524317683555
99.57926694361011,2.4944407672567803,-6.453389193311328,93.74674607774111,123.06708772048404
109.00053418175663,3.0907786715905954,2.7195790420923487,83.53882339087765,98.38795124505083
53.79951568515358,3.5123248527205195,8.092654660256933,75.50326589210303,105.25333329229252
57.5582952639944,2.7982434174345707,13.624667750325678,95.64922058684422,153.58845828414843
29.3981939840869,0.048854237095918296,-7.717562724880813,96.47679630317042,176.7161978526736
77.8280140996174,1.6323065412199593,-2.9987951223341156,83.98929268420511,127.51263166321866
23.59422737967421,2.5885582169235573,3.8407153895652897,72.27099181929363,121.44162559045006
66.55980181324603,0.43933249572416677,38.576634545052535,81.63478269750794,161.67362953907815
74.26446347075766,1.7531346560459038,6.567350355152538,94.1061297838781,145.98020659488245
48.65412521282844,0.16601554395683282,14.102052905604125,97.05322085638686,184.3435310264442
79.08332605690107,0.3928924857751037,-0.19511436308035357,76.10418227492788,120.43205228923141
23.05002499390494,1.9846163810079802,20.53900355378841,72.00920836075815,125.5882476081164
23.73481887492144,0.6635787702153018,4.034160775798716,96.32051359398517,178.83379588309205
102.26005606596583,2.8377042413077906,0.34962892192133843,81.68214816936626,102.09582365380551
56.019064141126286,3.4473248456863286,15.828631422298955,86.2528289280269,122.86532900813513
32.70605126518848,4.002933495545414,-9.724710041978959,99.04197436152276,142.7421699594544
72.22432600548044,1.0007512212240504,-9.616798367538733,71.99694183742669,104.70763629296283
96.99935530986109,0.8374129112953488,0.9534404550928883,89.44954022356286,127.25462151874903
41.58210274968432,0.5228392016720013,-8.163931874958942,72.22316267724601,132.92619669789556
82.28904758190004,3.1821512477181835,-4.598712293465431,81.26406785399502,109.1644010805888
28.5347464993768,3.5323786324345057,6.943032466937581,94.1144363558034,145.93467504629254
25.16817211686077,0.1579307241282102,30.129283978990642,83.00416698266903,172.03731232719605
73.13546315681481,4.681061231218449,18.602432168465043,99.91547061708852,134.5226343225928
74.06351216101065,0.25985641825736205,15.63338629782082,86.77177854839806,165.02124680388403
83.74299014982066,2.7064816765053523,4.674441160406083,79.63486457907861,118.9056794022261
92.60913337226616,3.545302597254582,36.587685971640816,76.6033397771426,109.04822519711253
117.58520794625346,4.354845618730428,9.850752061859584,80.51561602858486,92.25024273784592
71.63003483011954,3.570434660662139,-5.645361660211425,81.17599821278652,103.2123924344797
52.2956472941246,4.008640415348959,20.853325805890066,72.06141033171883,92.09075803027608
99.51861947687037,1.6972509627140302,-4.30808032616993,81.08722598280319,111.13319948750171
47.083225126207424,4.074125568732561,7.261157140084606,83.92715559217675,117.27830636306774
63.89714207056361,0.4005742319233757,15.370596935890443,91.68213256716413,165.60194006815345
27.845638134226597,4.474083280302638,33.71112623425879,89.70188454164824,142.07154156995634
22.53507434154575,2.7379618807686814,14.677329017005935,91.26296965687463,155.26746492455612
116.26484146779251,4.0864888498124685,25.112938301583213,70.25091045630572,76.90955663561328
103.59801205122058,2.2615914225915006,39.64084194995352,76.53002198741608,119.44643956101514
89.59742060936979,3.2178884759826247,-3.425544005100919,89.85052865199569,113.62714902682073
60.89529444142699,2.632013304680566,3.7365762759759757,84.51968104539242,122.73384810389938
37.32943200708458,3.6579476087766594,9.72880377988232,70.15940427005037,90.98198341165008
35.6437042671086,0.4081499101529479,11.091408926941568,94.13483927295468,183.92985037614906
45.02428981645953,0.301760419952819,10.551053763277288,93.18428719871012,164.59097542539124
74.92266647061206,1.2355161700507322,35.380550127827746,86.45257488980688,161.53141491842132
91.45959227000624,0.7977234005659417,25.70163222334282,71.99389977328816,128.35525095790067
86.01973767177313,4.3589178329610085,20.395260704535186,92.99545148597754,125.28253075816755
47.993389694594285,1.0960699367902216,5.468635893139105,87.51140763194093,139.38273149503442
115.48652806631941,4.879326279095657,31.189519211064734,93.45879931473877,117.2665842143211
93.78969166957685,1.6844789588555342,37.75302557424945,92.5524097718752,158.67871443500266
75.43540525114007,0.9105895784434964,31.059914127511327,94.09006215873512,166.92057292180434
81.17207462343522,3.9484925357123957,-9.921744740426355,85.54024199213875,99.70697190086857
61.96000624277899,3.2935388775043806,21.82006850917035,74.20973554580544,115.4570906926353
44.773098950115745,2.490978582265695,-7.443230927894964,90.13472420139067,141.5307532426509
55.597267865126156,2.7768177546881563,2.880361016686093,88.61421355155912,129.5984291331514
95.78461104643691,3.5960088913613193,-7.023764982611416,92.26759561597262,108.33984066511812
21.439348862975585,1.1422737066564936,20.189772647469386,75.09643018152207,140.79811837327236
31.607264050691626,4.981669580283709,24.329495674630337,75.84925599700868,103.49710091653579
24.600264202175275,4.873965810733916,-4.275618096704744,96.71228551657985,137.64802055363216
24.072880231897013,3.2516284317346846,9.191944152248976,92.49933395356213,147.1799080334945
105.54605840110072,0.9977122546457257,12.8118254477771,97.24685466100969,161.81617985592976
90.36578593800236,3.401141212156457,8.45265108804583,92.76145963491763,138.30386711119405
67.41738290873252,0.3609920448958792,-3.9487499757403475,87.91465917970905,154.0973131621907
29.78341606510015,0.15326251102903032,10.947389509373771,89.62398211083621,174.0135665098851
69.16158751168324,1.2884144425560684,27.558902390420904,96.6738377182003,172.5787535972789
67.34717707805657,2.3131147836965815,-6.449616773337227,87.36420263535821,126.38493025276564
37.32018699100152,4.341362527041903,-5.990999295904827,88.97173972985162,126.24150300629208
63.385164923797305,3.6358453488315403,7.738564591799211,74.69430148010802,94.74731506090455
59.85047343973734,3.713532605999905,37.08628558094625,84.21763660348309,132.11406145051896
81.58500980522165,2.1274666722403768,23.428632336145704,91.49191335874298,149.20396273099396
83.50936508676438,1.7296749627348147,23.933497833628238,78.12828094949096,123.36483069836092
24.53040097720445,1.8551938149230134,8.09599954189325,76.06762541573605,123.40986442060675
57.46126146264712,4.938247818680289,19.68303956042692,79.41480424673247,103.66514416616971
82.58599157142365,0.2005459570624124,-9.49344079861283,77.245018839785,122.65704037893545
70.31362585800878,4.335157480612243,21.80480232047711,76.44737911109188,101.8526991660801
105.64898411883223,2.893377042861967,35.66434737881184,82.74552528604261,120.02675706502596
85.8693631618945,2.1930770959479524,20.62867341724096,97.23515541650602,163.19717412764987
36.29344270814297,3.6262883020756824,33.68492967331725,85.21178940216154,135.73125890172275
27.056874740042986,2.4333447071235144,26.198652773304687,75.63761142445969,140.48424116241316
84.24192782063156,4.367116190408303,-3.9720791798154877,72.30915008142622,64.95033777353089
22.65113105416218,4.503509320056293,35.12266536429209,90.88468435413776,149.67411919639443
78.57755812734632,2.108604634367277,-6.677807782211255,81.48396293309163,117.3468616058341
114.02302414249576,1.384138986175258,16.69837362738819,94.65492839756078,145.63296116460992
77.5474177875879,2.961751642966811,-2.8931438103271168,89.7853230592231,127.36430213664322
58.816992620652194,4.561816728083455,-9.414669463454796,93.88724351624106,126.20148058252529
84.32882184423532,1.053310945028333,11.10171300638195,78.15838118255346,114.95176866797362
65.82528904915166,3.114832917817414,4.7520353827078115,90.77076767383174,135.5353611835518
74.56167893159349,3.1578011004626028,14.30002468988015,77.92185954081157,96.58086264080876
114.14648087765252,3.665565112076405,18.85999433672754,98.17205438350875,130.04618653370542
58.610263780077425,0.657838425636299,-7.813046384552632,89.09122844600122,158.26030213384462
116.11905638239142,3.5791248234104427,-3.849835243812718,79.73535400526026,84.00991507283204
110.53506419560637,4.545162603328205,17.93211982252127,78.08535586876818,80.65522653478814
39.57911347892964,0.8984155443512098,7.158367658632912,75.7277975521493,133.18720080150067
26.936130087516545,1.1877166246193882,26.4586743774724,90.83922876681183,185.28932114072873
30.077800137742663,4.856975470208198,22.614582429596986,76.56146838993782,97.67872201523922
21.82218256515497,0.9048847635474488,32.28021814949534,87.85909797782467,171.00625306717933
29.44429607559284,4.271925466847896,24.624641333461263,77.93905080776072,124.12503720699341
88.30067734163569,2.461389282240174,11.496553869507405,89.85906834381606,143.65082931518205
27.1188648460229,1.2361553720158853,23.648331119721618,94.44819185621617,179.70617997687597
51.89756302937613,4.353749506362557,3.769058712770926,93.3407572943396,123.26401645999304
104.48753109694546,2.2265262750133274,5.315674938910634,92.82553992792344,145.1766127551311
22.327193573582587,2.574086769648451,29.449257996039663,75.63167217076756,141.52115952974165
101.44684825889358,1.7961668469988283,12.32097582007911,72.65154840953556,106.4625967202655
48.185477477339994,2.9647542571746373,29.919017025917626,90.96846485462157,148.7312406625665
31.816482762165627,0.8176193629251138,31.12111868341392,81.05041641383053,159.69510700727702
89.67371653641507,1.9554076832588034,32.87811688306419,82.97038679210041,135.12183982699622
82.8942846779884,4.847061611676438,35.83176179206036,70.93447278380174,88.10018146655065
107.74720135270529,1.2906671635056377,11.549261025664812,77.78729347825147,123.37339261912406
93.50710438038858,3.283683322706461,5.9433409160569415,71.01029211623393,88.50037535500215
100.34809303848486,1.6259503211234745,19.109937329705694,96.37557317803743,150.55530351322372
48.20345725713065,3.8673656284330034,8.558621171881377,77.30190049655592,112.630900367681
37.74395437797229,0.6543683035917491,20.05370834001165,86.72011508719024,167.1658756951429
95.06147516408583,4.849105225392724,25.279293132191228,71.16937961983392,81.40423998190505
100.6834739267264,2.2689477069181962,24.42025092460684,90.00542173916975,146.65915398983606
119.05051420006733,1.1802523167323198,8.727644351006067,79.69082037262282,110.66988424583752
61.26176769114265,0.3674837366500633,-1.6569899150623595,96.93757560872997,170.814160692553
57.201808579278314,0.8487895254377037,11.526466923110377,96.64354566802108,170.74461421264073
97.64129607419969,2.598869742780088,-2.8702927959045628,79.75871855085244,94.96190732686452
54.08035402530179,1.6850158821564314,34.504851759190416,97.02882687071404,179.96936447989307
113.07573256035647,4.144416829413047,7.293873036892869,99.88473020496336,140.6072916240579
105.84127518430118,2.1544376183090295,-2.2770126388338108,94.76246992371844,125.88928606711056
62.89940273750184,1.2435713629381495,-8.727612004712457,95.34614043265687,154.8615373570781
95.08710677914974,3.0857249330201504,22.291119314324213,77.4702620832727,109.90541713513495
95.45428740846823,3.533886084427229,21.84511587273716,87.30107196573269,122.16494580930211
30.312386883593263,0.8352095395047493,7.030208329064582,72.01767741902104,129.5390072798702
110.25529066795667,0.8380960814415883,-6.4144055576174495,72.84753810465008,94.53424359845944
70.52523724478571,0.18335713466771486,10.4814447447616,99.96677836099872,183.34707028896617
102.64574661077417,3.6820100753282023,5.56087475316968,79.79917748277732,90.9811477205456
52.00496010306117,3.3190226381090255,23.856031986750466,92.44551736146539,137.07772777940463
109.55232284962005,2.3731543787490694,20.288962472634516,94.19995159080449,147.9201048781182
58.92016787341631,4.220852244845986,8.229686409877,95.74069813021688,140.50359575409774
21.083765148029837,4.028350764750266,0.8946277127495055,99.9288489220647,153.95467939284796
110.53819764192636,2.9267718219837606,39.40179830777959,77.24489455770603,112.90688419791485
29.128667678613354,4.341356402566293,12.700081059805743,71.210524805791,101.99051587581573
51.93136375904149,1.0292060501838414,24.413711789011856,82.33574553983757,152.12857562852065
115.0061967050805,0.5595980969886394,-2.9723516210819607,73.9024200948684,110.74091217159184
115.06071469375561,1.348748057584948,14.27948498296989,70.67277667486165,98.99218985286285
77.34378881232861,0.28543428044657426,-8.623164006526725,80.81280481424459,137.81646686993122
83.18372121697993,2.65584764000516,15.272755895522497,93.51214753225709,144.75100887679326
64.84455219783197,4.683028461474807,38.200870355885115,86.98542073675213,127.75788609537852
49.32107716980646,0.19671770334254823,9.210335649290013,79.38333967631063,140.25804154933869
52.8664545369916,0.610549570050134,-8.05019937125442,89.63026016478159,154.7047678538457
87.25184560770384,2.2609951414171765,-8.452210454032823,76.96054540926433,96.74970590755707
95.237452943768,4.669375087639525,9.399337997343473,70.43144338216256,67.10615537082874
99.15790437258485,1.5807805248837525,-1.9987531768402977,92.93060159309282,135.2297718955719
98.96181427945538,2.536174043441962,-8.832395183590705,88.71229254592028,112.62692812229284
29.120610304869036,0.20786429525196048,27.810680697508843,92.86907873502881,199.45252878991653
69.44203047025815,0.7417160048104443,12.926150444094535,71.16814050062997,127.20628234406735
25.75587600166443,4.933150614794235,4.462238598632727,95.11358883491957,145.00186553143513
74.95288823237355,4.825593482180228,35.00415915082404,88.5857860010891,117.81737518829809
64.1530501373377,0.02469990467204808,-4.1930519899737195,86.9018605213792,152.57054970940425
108.77041827582998,4.759058927116195,37.79594144776596,88.73842144343595,109.68556073082348
55.09150125520787,3.195599689077502,5.698335868867641,95.93299740605093,142.75324109321295
31.706701642760585,4.339591472600111,34.42018361543406,87.60809519676721,134.92772206533928
34.299168205283586,2.2736992781692953,20.147143823973078,87.42851139664538,158.10177149420707
96.15106317174723,2.5779801428962514,31.33536798707437,99.72037471197297,158.50216464648764
81.8218063316261,2.444232901284601,39.20065816052321,92.70190501205704,161.35716486051192
30.112267612279027,3.3343212877305217,4.420271890937286,83.26881416353406,129.39147555949043
28.410680611499743,0.6982562737815645,38.05677427037965,91.22191000098783,197.48463397642388
90.096913145912,0.14986794936338976,9.474094745121018,81.67691415075366,132.16590112096173
27.276300636419354,1.5396497079559546,9.275595236846115,76.86626387450497,141.08710429588166
102.18600592903562,3.5234038136832337,7.019355212725284,87.90555630663277,119.16315465608882
90.62422271564962,1.0092672606147417,17.07038036737926,97.84546294341854,162.0792824595492
28.134878064189976,3.3671621666245866,-2.292747841075645,97.87418560046387,157.52557887725285
28.483771408519193,4.849560230536352,17.68557426790056,80.2571583431647,113.99709490749156
118.66395785011754,0.46950357894709194,17.0852406205002,85.83032398665085,138.77166383927857
57.427079575612034,3.363010591125631,28.095090630243497,76.34907695709583,111.76779201051349
57.06421470668909,2.2187510965228556,31.68249809687928,99.8689332849665,172.6767929838914
101.27995672575025,4.3407112718875265,12.022067515621202,99.43353723603806,141.33606897221603
114.72485773838586,0.8857489472369295,5.116662467574688,89.48526789122342,138.25733431713655
118.6001063822871,3.4631297611308227,2.9667448658547233,94.1324217903242,123.44753649523872
95.33781852589416,4.190576448240551,-0.268808164756404,91.45300483851099,108.30999864613227
57.62595855309158,4.723071097370116,-7.117620890048756,87.79474657118405,103.61291942660688
28.350071669866878,3.4162401414482293,7.122398941735668,71.60043990966693,109.50458042100907
97.71469159274368,2.4858738200421366,3.512384606539163,83.64293027657983,108.12102612042712
75.8404249735805,3.089236201006069,38.32086929332037,90.24358906502232,143.92705443504363
62.42220092469763,4.344524922393591,17.885441312502195,90.32594841651054,127.59284504328816
110.6354385094736,2.8530487331941483,7.363851951525376,81.19367855267151,104.90502720552239
31.119748230615134,0.1519352984841843,19.0233800496848,98.25075959974092,194.2624653452171
69.26251042908592,4.654743477534889,-3.040164932715225,75.02071096710343,83.17425046925419
21.135364476741906,3.447633755157806,12.202187460110146,85.01078338646681,138.76999238747715
66.86606419941262,3.3825669288862326,21.31171607105319,90.72651929652469,141.8965958071865
25.630327568183734,1.0783757619885859,14.444891589622568,90.91407417675427,165.6487192146397
31.881791626807193,3.2944273511632858,10.088940032716213,89.45916870306446,140.03322093316802
31.752624677710486,1.9693220282707924,39.69241944498491,78.2586464035558,153.11830915296767
84.92103021160635,3.2561648852074603,34.01573810744635,74.68619706059866,112.81554119723333
94.60448792654233,0.5329651515399536,21.170297907972007,89.07820980480133,148.16627341282108
78.33687650971596,3.2892265230151803,18.46886805911414,87.97906348418313,130.55663231661774
116.21725484745419,4.997068628853333,21.033023991229204,75.38068030867723,66.55088362332542
57.48705795237041,0.24106019430278014,0.06560539112166275,91.1541743671169,162.91910661135753
48.57120862818607,4.885870921106586,9.756887163215929,83.6551597520097,118.24752636983554
106.85991281894603,2.034539803614353,-8.027023355455034,90.03281774809459,118.9092883502894
42.35958385194526,4.353767251686296,13.777301874341333,95.12101239310452,136.71351282347527
116.32225394406113,3.9119274202913674,17.151229197883158,75.0918528573077,88.56351883528926
21.215447468981633,2.8350813049333388,1.3874868051604796,70.5743460399051,99.4129806163143
116.98788267076391,3.6922460462566327,38.201442358275685,93.3730775918736,130.66427594966433
24.315991195057613,4.39257780650674,35.4727305468621,88.29092275457847,146.0798410469121
109.11431136980711,2.0207016082551648,26.107161772795294,90.98918708866366,138.91921633178416
72.77011090862999,1.6351658078161935,16.66933143826813,95.14464924965928,159.26142293164682
119.29647961193004,3.3379669278179236,33.498457982384245,94.08432804473502,139.47020047047909
27.379656473539885,4.039229709706293,-3.467382808826854,98.82760440786474,149.423053789874
75.38542844013207,3.811425673883079,29.52548971374425,86.07805236556355,127.52305629860585
116.9302535619099,3.9890682442931724,-3.758959301657585,84.65486897979716,90.76488840091064
72.30978441701488,2.177916574064665,29.71053312747027,82.0566159967219,137.3467030677726
82.93986381352624,4.089171080875108,3.788378412567848,74.61073128532614,84.72331842362847
89.57486889846172,0.6010452768530422,33.85452905090945,87.17821698646067,160.689813109936
65.45410647677733,2.722445489804248,37.202104691269895,78.31037572977937,125.8764568385281
82.75580800840635,0.028793302490607853,-2.5602015297442184,97.63922536638927,167.97082966858073
78.43143119231001,1.6229291495013514,13.133780253269677,87.49572412831293,136.8498285677941
110.11580104909889,1.8323076743569895,39.049368908134255,87.7852054152433,143.56224017622296
24.544638034145787,1.980863458046277,14.170371798657332,80.6477398263103,137.15363524309853
48.096318959223034,3.477336033449311,33.17737612572726,71.55968055933123,104.93556090845611
115.04114840765587,1.9427905063517286,19.436576106565994,70.95231296118966,98.97597012912522
109.02637838909163,2.2434681131126535,8.766495395980094,82.70005432459592,115.70446057861615
65.56567527857129,1.1877206543716374,4.28917777629351,72.53696134291714,119.58597112143613
82.01325978015367,1.8662589581467004,0.16115455430436398,88.20540866620418,131.0691992461719
47.738118298113264,1.1363481363157573,28.089909568884863,96.42919016918972,183.2586825044141
38.812115972376134,0.3659796188422182,9.327025341151394,96.48744449556166,185.08895854293235
66.36984049399823,3.0172429669068896,15.563773110037559,89.77136230396697,139.46509838484232
55.33522280260528,3.3410639927750814,14.616274000059096,76.33695494418794,105.8425717058623
78.3656111850872,3.0974517300480726,18.863951461656562,95.88990494076616,147.47440236770964
27.77346369649848,2.3174702190028618,33.27885728122761,96.58280305939624,180.1189949407014
117.43948076661665,1.898928900896149,39.03696717917147,75.89960754858876,117.13245778235648
118.62107444796028,4.316668247859126,10.379210428690847,92.12278257312032,100.24977725575128
89.81617140197451,2.5954089256810904,31.37594610531515,78.59558646781369,120.78265343074911
73.60963663441204,2.395909388148655,28.226389732735882,94.07920937058789,167.29228393271976
50.95276162863277,0.12821032903217844,18.676447572778663,99.91713699710809,190.804369657909
101.37950197069486,1.7062391381307818,37.80235718059666,70.90078015988179,109.58611144826902
88.47311725538793,1.9009780939292853,0.02372577642013951,96.92097597372796,150.16884151831374
36.26169393448913,1.9941139044845024,-4.53678948451893,88.67891600795974,145.83168110080115
111.09271844938425,2.9008618461366615,32.69809834777111,99.20147857494463,158.37924815467503
102.2537242923169,2.6680127336343924,11.957490831687416,83.95028552579282,110.23373106384591
114.9799913291924,3.039525463967223,32.34844271035303,95.42163791714121,145.78514641390393
92.571950838836,3.8244163077106412,34.654510259770746,71.87182205794832,98.00726122328211
81.341519593579,4.064928693580468,-6.877120319046428,80.05837150234888,90.91570734659341
61.82430362906189,3.590615381132472,34.17323814930303,72.0104961325363,108.34760302928929
113.27284833540132,4.777618479774674,12.415952768471108,99.26029400437211,128.11781250260444
106.60638895004084,0.09116291338180815,15.521624450211611,94.5092172181551,168.2472777427279
24.52186701061894,0.9788899284177305,21.329625554660513,95.57642263737911,178.95710210435686
22.6366974497252,0.0378143748907106,36.31913033650434,98.13895694301682,211.36911700423857
57.64633668780496,3.237373570773015,-9.044195278511799,72.55310458359357,90.593031788697
101.0553330781833,4.490152744749935,13.842173415890855,81.5679277754,95.20318537786865
118.72761293149445,1.2174114828814964,24.386102121528033,72.13104667132006,109.02873065014931
35.04168911035282,4.635172723981533,26.135347884911425,76.32379304650085,108.09981111854493
79.4130715352135,0.30133695144780426,24.6266215768554,76.88097331113018,145.1965039211813
58.08908566310215,4.672180134027571,-3.278243529593907,84.07321633142736,101.94019405960535
116.99143978146031,1.758113436198172,4.969779418584061,78.05686502360928,100.32232281817492
104.21189231357087,0.5071041422460826,7.935776270850674,73.02934320453284,111.72431614811029
103.83287047111378,2.4293587959316283,30.221860383975248,75.02473267282323,110.61042002103605
66.86931597949703,1.2838828386025396,3.937993620727651,74.41826690656274,124.05198136510003
61.48195023376652,1.4243645098096143,0.5352481933601574,99.19230393736895,168.979475227936
47.34070719307063,1.5364498246314329,37.87240095190481,92.7787752075542,170.67436409309008
25.637549665092713,4.015129489163317,-9.556835744326555,99.03284395808686,157.8706598362439
106.47223762550531,2.695806383376272,39.89104278409891,83.19221459523726,128.75409201599956
101.29010091300776,1.5565384957800181,23.841064942869778,78.3510544498797,129.04717982948685
119.97176732861305,3.0516689165545916,31.423464972455854,93.9487959162756,136.34253278676314
119.66368370739053,3.580753371115968,4.730969817309658,79.7876175412344,92.90087739127404
75.54317056026275,1.3631200036676687,-9.284236116647001,78.98150121116045,121.22407568183391
96.89874151805105,2.0677455076267575,26.893475928076505,76.97517976623493,123.7409935235965
114.47657298824281,0.6094304666847378,31.70722985003379,73.89036934672706,128.48391858204192
104.96473906774115,0.9057467476734016,27.023806597675957,77.69389183050298,132.71378276315247
44.73481017431976,3.405589269824914,-2.8574856349580706,80.65959245421664,110.83867268443863
65.05441353100935,0.9071917384781347,27.671396112848456,90.21982624437192,162.8283788913036
32.9159415151495,2.6258169183353006,28.446139105382052,71.87694526658355,123.50704599958125
115.40510272587224,3.5452313086121636,22.927025783502742,76.31520818996029,98.68572572949397
80.617463445088,0.5343846154737192,28.30579663977931,94.27070920875029,172.0516280452436
42.86428055034627,2.836561098144518,32.296071983886605,74.40765770751312,129.06431608899243
87.17006844058567,1.2828139185068188,20.680205711872922,80.27935439567565,139.1827356574748
81.81282404578958,4.814634376187899,-5.569764301516047,95.9397676557442,111.82285758974741
55.81627180328405,2.4177282335996235,14.381390483360544,74.64775933430327,111.37944651432397
31.355759219962902,4.029962748875791,-6.117533266419747,72.48210506854569,91.49721295460805
87.15731955927996,2.7511327107813086,10.377151551621541,84.53613985240032,122.14039584596034
72.03077009037932,0.21706266427409582,10.35532445628138,79.07258533835609,136.92014016616287
97.23183917356393,3.1657568779701117,-6.699507792987921,86.90225093451562,116.38864083510272
72.01635011119933,4.757016711033285,7.441026698473966,94.11414671450426,124.8940689421451
105.21815003185401,3.008059100731656,-4.450095060434258,74.1144546445823,84.55506098327841
75.19068387744855,4.095944297133951,30.411760500461106,87.42097253662855,119.35162956957095
76.09379715353862,4.421032316742039,37.38440129822354,85.16526281169592,115.4051848768841
107.66536026583451,1.1403988597446624,-6.38417623710307,74.32236358039599,103.15408861645248
60.3482866212397,1.0602241995411332,37.75576036458507,88.71995456586947,156.94808320147405
33.40152284506407,3.0549049442549587,16.12882996683726,78.20921253582316,128.9765208072165
22.878267631333898,2.0551423490335234,4.978283897693695,84.63502955632038,143.5535280598906
95.5137255673619,4.1993065143336015,-6.156896236191825,72.46816972831186,87.42617337295691
82.03095513534646,4.500115616990056,15.03121340352089,83.78752171640869,117.0197886771539
90.40797680992236,1.7671068965135905,29.72577722453743,79.19390404128461,127.54998934048773
41.296416150891076,1.1843527948724102,25.354323863334905,94.67143633556063,177.25589679614072
33.63714755867697,3.902627576219309,-7.488699426801312,71.70936180992105,95.53486144665543
21.45446656678819,1.3740301777406805,-6.354908231604824,82.5582182475499,150.2782036814443
55.058755880659696,4.113071592568392,10.143664131631855,83.75294272394314,106.7392295366403
78.99176868546331,2.118691268243814,4.764524702397164,91.75018228897356,132.06630631429513
59.22440450997323,3.337749496457352,1.619216152802391,87.22862725270633,121.01187223647645
63.747492202372904,0.4776765691733409,4.05022494543568,90.01637011582542,161.07052726779276
110.41586944937484,3.119296623382865,30.174137164844232,93.31147856955269,139.8766666054244
54.82554670233004,2.258838393686146,36.461402681592695,95.86608920974567,176.27568908764647
71.39894891598108,2.9330423158773704,10.255134726378323,79.41626490167411,107.21150169114281
98.3653012741143,0.8400710387243171,35.30555010662486,86.1406811609171,140.4431172908248
59.65427823212701,3.6843687247209105,6.074785062394099,95.203242353176,142.99397749721254
82.20867002278735,4.3139853877161425,13.821849317189582,99.68353392895169,134.33455626767437
106.23637087467452,1.0836990004538782,1.3014498907999865,96.6855793313129,141.22154301914145
114.9520623657642,0.47857277760080863,22.023802108792196,81.1440178787313,134.75390905591826
34.70734809290379,0.11819293023168198,38.94905575874044,75.85499551655951,163.55626362339467
112.65876251614944,3.2098575022163303,20.17465480216893,84.68177612219766,112.94439020786528
69.21162930795381,3.035470180443904,7.890704205677444,92.24924355508126,135.03640668526361
45.82443882989584,2.73348706357035,22.39087229952642,84.77707212259892,138.87056694955925
65.91357562382613,1.1597354805798772,-3.8539660767306216,84.49542589941005,133.83952745550425
118.0032575285477,1.9545299795275732,34.432954013269935,95.14691263245402,145.82378965800214
69.26180939928696,2.9723816759308654,15.154197538991816,80.84211337201559,115.1855625494802
52.875161028750824,2.483834294295847,12.467487101982105,95.79384024434937,159.72693231317515
83.34008543167258,4.938927601074436,19.29323942267596,82.20414402855171,101.27199883507774
44.014561877819304,0.6821987627836656,21.239193139470125,79.84699317035017,151.12752574908708
27.58633281086639,3.4757227702379687,-6.411209688674349,83.61969733599096,116.02491987273827
32.88797219106492,2.0215938405214606,24.130861061170123,92.87340876024605,166.82240217786475
32.80458389577724,2.1409980746280737,2.096584015776479,73.78006083591983,106.4717325324997
35.19026935122943,3.5879888282908814,25.697631625329493,75.89257647616053,119.08938299613513
33.882717264941014,3.4621807566218483,31.126739719209837,98.54334476989276,175.00772519275748
84.08747448032146,4.956279968510941,30.197925377626014,75.26474882144072,83.46875764227806
38.18800843991448,0.6419714472706262,17.625048370394456,87.03181953793164,162.0704078897911
54.56672833238632,0.5205482469208317,16.008494615537558,87.37943399985814,162.8331482321115
109.67884099060119,3.6216940856437057,-2.856201933029414,84.68873386150734,105.09298677502001
67.39616402628724,2.8919345850320455,28.767307520156777,89.34235745730456,141.68905053498014
86.75577385210272,1.3708033327990292,3.5704690223357183,76.89480177392855,112.37882092907437
37.231987120162984,0.397096844944933,14.834771140897328,86.57986803330245,155.5919413394749
39.22890188086708,0.4282912479821527,4.2137046463758345,81.1651976574069,148.9028552404606
24.086861626647888,4.470954373320591,-3.3085818500153428,89.85001778887568,136.3205226322621
36.893506307216455,0.9593366235937145,21.47788484458683,74.23670630119449,139.9377292064037
47.859033903195865,1.6168578105776037,-7.283398258854809,87.12632250518429,139.97326270828782
37.70104842767468,1.13328201113494,27.43226170631,75.55811066149971,143.79962909033753
28.87025337570556,1.7749815291596867,5.8793397630558335,78.35929189345109,133.19190234437855
32.063587110060084,0.34711921373046684,-9.993265349775735,76.5612940097075,130.9706152129038
66.07787680327257,2.595298954541352,15.556456961861489,75.48513339606451,117.08854226505301
40.63337184057925,0.3380628179610745,-7.657404573619844,94.77132854682,171.27212269060433
56.42698610480755,4.001782539111808,3.808477891044973,78.57122702982672,102.18883804228385
70.34172708548569,1.1685604095521651,25.348824372785806,97.81371345593348,170.63688674070127
89.03948286293652,2.700059573022553,-6.865518918906707,99.09779576035572,147.56793113182536
23.931213984109895,4.400395437807291,31.966924617800117,87.13781409811293,142.39928565848558
99.94103989090426,3.2543868452359708,-9.809003867070844,74.2900336799718,78.38478081994069
82.79003894909079,2.6647889327566765,2.3411934600951128,81.23644730138744,117.16771458893814
28.17590319488719,1.621668765576878,27.045202807603573,93.93196790044642,174.2292243985337
107.35786241067773,1.6650095652909895,5.813507486465339,81.02172186091211,112.18272562638847
112.08724005318132,3.3474347759909504,-4.905380596699324,72.61051654908366,71.8693074365523
26.107795985486376,4.970696806105837,8.011695940021394,86.70354732784564,111.01829300355723
47.687764814720374,3.309195949246893,3.519664319226276,95.35362554488104,147.4265062145812
100.62012797930613,2.7889170868501245,32.13559510802774,93.87779161430507,136.59244712863915
94.82596903836584,3.6532525511962306,5.667395879257157,75.2536942039106,82.21855096764891
38.45210193563773,2.3260280614185906,29.446623588800364,90.182938432374,149.91533741887827
40.93493233367103,0.3007117130039261,34.593607240536734,76.6151279030694,154.80911413231217
57.0472102791382,2.8114840793895493,11.690870978826478,76.54622603656517,112.95728138354727
68.45229851910213,4.788126422526901,35.4971571927196,96.22215319915556,140.14245014773945
81.8254771530296,0.8765147117882982,8.865902698159644,77.4900685822069,120.8874097763489
56.891363956977244,3.4500244541033287,38.20392082450541,77.89742039554034,117.46797870802372
66.25347161331479,1.0046684432952824,-5.535523773721353,70.01960172283898,109.6705649596029
94.74709381337566,2.6791384223654062,24.350963325162134,96.12007102376553,146.44735168390295
23.66832028905979,0.4833822482335981,14.690702022846434,93.77784439627405,184.54851284259811
45.24369443440207,2.2518546812909257,9.382440272782354,88.81986805272034,141.81305766798087
91.33495858845524,3.7808166444762303,21.635593937430045,92.50797291816527,131.5304024976021
109.52068376871993,1.7378576211949104,25.19285458171656,74.56145702273476,118.00095018034305
71.16774421156661,3.32455862243609,-9.781836517484546,83.74970783762726,110.94341693064527
73.21134852653157,3.977249803948646,-1.6523455626400647,80.53658162046342,96.44901877107847
30.717201133977603,4.635889097397263,25.652302531715932,72.8132957877105,104.1646863788927
64.74123668234546,1.1732104092772677,23.31927067891032,84.58391455644772,148.46966348222318
73.2617266455023,1.9965795790465406,38.30237525643386,97.62218951027906,172.4906537881326
44.247050363472965,0.7620800666520872,28.051889512539148,71.20177357152083,133.90652086300597
46.924323094938096,4.962417510791876,37.5386353865669,78.74382740481381,111.73382443708395
57.728416310462265,4.635004839621477,25.127025076740345,76.2262280861711,102.40786218672982
22.007119777772637,2.699785651402798,4.902610431972157,77.14439960997089,118.17331849065835
52.20791655831783,4.210166471882106,-4.7317538874571765,97.25303655638126,129.29676234776767
41.14480069965447,2.604789886360211,29.09119316724678,84.0420716270287,137.2956879950263
52.74973521779147,3.1179284400137988,22.2074610737958,83.98898238819456,124.07613482529304
31.97621318192512,0.4456221605800831,-7.590699380335188,92.81726927365847,161.70368983566857
109.0527280739895,3.7763521024840396,8.002523295048917,74.63476612014777,83.58876697480342
79.35924535540487,0.6385674181761741,37.83999077421431,84.61796062300152,153.49853126726757
87.91023191444896,4.130338151262642,15.02005728551006,82.8995564236318,108.20076272421299
98.91712386073382,3.9101404383519296,11.636456800985233,87.90732071639968,113.02989703531536
69.84421989290573,3.5437234887148823,12.884980257964699,99.98673109751316,140.18293040179785
28.69202880874237,0.18080190262381057,0.44413620025818545,93.08346682246142,179.24825199729955
73.71065418185478,1.515641779726643,8.435358543239762,81.93597109052281,134.87400062880118
78.68411180208791,1.3155628495542144,8.49066279935883,94.8265915682214,152.1683391257794
94.54394741843299,1.8006820373575954,-7.38224899062638,75.1212508993744,102.28233041880473
63.16595462296794,0.4382137338191927,28.37838142589591,70.91391058926881,128.40259697935727
32.75803027955638,4.684789115155314,10.825221595193948,76.1334511739282,101.49256479377497
48.37759057987245,2.7690112035618815,31.108994340821162,80.2123466834278,127.4533092929108
56.30822963986351,1.5276215532901176,32.51740005599477,85.31742272378679,145.75932878803783
84.59172413316013,1.984907585371417,0.5997027349329027,88.45387421623599,130.06692075821138
77.07783046689119,2.236012702524178,22.867674108506428,97.31817151643266,159.9680591904352
55.60967258978462,3.0029716668030866,13.614090208149086,85.29562028651372,128.69726876406273
118.65152487929797,2.578397138482489,34.00783689607425,85.03826933877188,119.78087548585381
80.57748193568872,4.596959866072087,0.7870339588227058,71.50729029468947,71.26575901670714
43.722679173599445,2.484817414529151,23.890660015502213,71.04734657968672,117.42151903265686
30.178247262040372,4.960790074116563,20.387606112636128,86.53479885749115,124.37756070090995
35.2859139184332,4.257124788725479,4.7650738785916396,83.14535839745034,116.4287368244078
44.59577283845081,1.042552571786679,-3.1699548174413694,95.17541184940896,161.61101271842406
36.06813732595557,4.652976073219581,22.58198802386383,74.82038754135536,109.44015673824096
38.656702405130574,0.5818319894273805,26.929872906616538,70.74914986351149,131.6670388817444
48.50951686938471,4.087248542455958,5.781367188167501,83.47116303790378,116.84547066994992
37.33735952947548,1.9031164673829004,22.24163020111569,77.12435670256772,141.04661143782144
109.67654246264252,4.389871602225347,9.756545380575162,71.48843120016512,73.4579967933161
28.02337456616422,4.340283450537251,25.660344164130883,91.73794860542887,143.48360128237726
72.45113895702546,4.029627000588106,-0.03923625529734487,73.34778999871742,82.00286494348258
61.03968269896615,3.950152181535307,34.51075013180872,88.24958500023315,141.12155669655903
118.23786169086064,1.523395695490204,4.370479823278986,78.43149250500667,101.22803483318425
31.203890216805235,0.4045964152562609,8.389299387807647,75.20488151065067,136.34666019570273
59.785559904574164,2.014900893825807,-7.095402395982511,81.39254568757953,119.16492444007886
116.94704332753689,0.8676225749325434,-4.42438938393618,94.0433732866886,148.30248192138262
106.55071258939803,3.4747554445123088,15.793095135616404,81.76280730713718,106.60823214034454
101.707207094928,1.7304986326889278,3.3796338363985754,92.52308947633168,134.07861862294376
45.79028270449398,4.878051004299574,31.774011287109722,73.76458890397453,99.34705007023547
37.08875873900658,3.20486038672666,-9.265330567252308,93.18314258995238,135.48677268682857
86.8643219924431,4.112402818171804,8.954702433596811,77.10799974719946,87.96108097057868
112.93759891275857,0.6626233637092421,6.867277338454635,90.32179389666618,148.46416094442358
75.67628930139298,4.310072411363112,-9.033618454119948,86.9734466452299,96.76775751303327
77.16126894698999,4.613785952566972,-3.7815800499744885,97.87434151635063,132.61555707661918
47.997909366028416,2.4353095940946794,10.682133745931765,81.61967553925942,133.96909765165253
96.94929331919369,3.031264688754887,14.64322922237233,71.98495566503321,97.3483994109641
38.704374855752334,3.8240490045149773,10.214487362743455,70.57466456653759,94.09007275244515
52.367923640424365,0.8741931363020627,16.546883920604692,94.8057568291826,172.68294356812405
62.54364386164168,2.5128303823172122,19.756583745284075,85.74206912984296,130.3052740780398
70.7610378684455,1.9933151388615655,-9.503808943608218,93.25732155504848,137.97796385380954
44.24097324150802,0.7318699608112456,13.204757972675193,77.03276800034544,142.54519764467935
31.483682473920354,1.8376721114576573,38.17496204437941,80.35251236539702,158.45099520513804
81.06200424416326,0.34086154692746784,15.951614006477435,70.90311616633957,116.51903850938194
48.86305532402558,0.12905953474743492,23.87711337294766,98.84476973722337,191.85105453131223
78.12382214226122,0.6758314457741138,5.59319289584416,90.0360372010244,151.91671364838876
35.43627152742023,4.815575557945869,28.699568907638124,97.99615263277919,144.57650667073025
68.11401018548175,2.747647679475085,28.64607409380575,77.96489222287217,125.29888785104382
73.25894325515858,4.8291108057661,16.064802382706947,88.34390833676983,110.83147517197149
25.18235368224269,2.16248939165066,38.80069116396068,90.35499904877913,169.95379190247405
53.660427819392055,1.5590806654262979,-3.722489261867331,79.52649100772766,123.24305552488165
33.44146769389742,2.5307093142012205,-9.15261675552095,95.44327705046891,147.02401974439755
26.337497047276774,2.1975584431645507,28.507910587854802,98.41484388700744,181.17158459471096
118.99602323899452,0.5283234213087196,30.35777686824413,96.54565353088013,166.21010641825666
52.235384497472296,3.204131573451031,-3.9896385439711874,92.17200927818118,132.77797878923144
100.98744458546349,1.080190912547998,3.279141647930304,78.32394039174862,113.54700099794167
45.46406547637638,3.0979397744891477,-9.122381831668555,78.44848126316896,109.31477757661403
88.15027222239293,3.2510054619907667,4.665430539028234,98.90080961338114,149.4472845521123
96.02278598896865,0.7601242656432405,28.657093695933575,70.30853487807076,119.23697431518094
79.56387406078443,0.3067481355533408,15.898026385628945,91.48149919726433,168.95595908813004
67.15761885501584,3.9038079303421993,7.404779658414405,91.18738487665786,119.94068499682886
61.18409141472685,2.2990021188466008,8.586964745316514,88.68068622849393,141.09841341323087
54.88682665429953,0.29081897752737895,-9.932318714226593,99.70326538260598,169.57929204167968
112.95291442478259,4.9743315858488355,4.9900263782617955,79.35638307291175,70.19396451137176
103.06194077877291,0.2889028049818332,22.322937081896526,80.19915591379744,134.05531304779774
116.50269106665125,3.475176144292766,38.70972219081786,72.36818208839667,100.3481531813471
32.42972234855447,4.918394626317068,32.353041349194974,83.28394409631213,128.58162504283297
93.08674752036443,1.195900521079628,-8.820251767723544,77.83145578704544,112.58277983359551
113.83404568210378,0.7112468434359809,34.928030233741964,80.30160106532932,129.14103230908904
38.12330661656601,0.6069246971121445,29.1599206649313,95.03715370766884,186.1666255347724
26.64962673667775,1.5163757378379779,29.01880617854902,98.06453540582487,188.98832854604981
94.11206492900591,0.5052290550532335,12.899787950178574,75.57199216015557,125.18564941405931
77.4473113179912,3.4608067084706597,9.900264647725141,81.17526794660398,100.23943981956285
104.1828776758272,0.31145899065031346,5.145786441659631,97.85891686346181,159.46968449840278
33.97723766262895,2.5471106407489486,-6.715257052281711,71.85425382067667,104.36621258819073
99.52673118598902,4.983484269264884,1.4117681746849549,72.77081584334135,69.2361082731656
40.162732004774455,4.069851347530094,2.3301817489012304,74.88372967618687,87.20457804459134
36.36559428657045,3.0760971911550543,14.20385348551008,87.85638502380624,140.33342671544656
36.42657979309929,1.5312681039330585,27.372220329834697,74.51416813017993,137.1890352974116
101.45747202313821,3.1194791814581926,13.69049141989733,99.042291443522,147.54585511805038
86.51972206962002,2.6352073195582584,-7.10777752764197,83.40143581775561,114.40528097640883
72.30654247691193,2.130416919451857,37.88949004941019,85.045538810505,148.95254730216695
55.88304841235025,0.6535518837009974,37.13621595470561,77.3997584741622,146.06748903145248
107.72005408131082,4.433021076202333,29.25947715742042,84.12880757304201,96.7011160527611
59.244510742263536,2.2489232441066127,39.56639507821103,89.85740897911035,157.27016604827404
101.65994394715771,0.9731125591038253,17.224116640013147,92.53531410862128,158.4617368881064
63.91349085702184,1.838796754386448,38.138417512660304,92.6160424812974,173.70655155557606
57.69444294249076,2.0706487626446353,-6.219747969162461,87.33673338082265,137.1015177793594
66.26797856696064,4.137689477834371,8.284037413068567,97.13079324981572,139.29302097174252
50.13778741641421,3.6680719028070103,1.2690634003382915,94.52223541918329,139.85514552747117
94.76093801762511,3.846524468206699,-0.20834579328649916,92.71144344095876,115.64459416411587
70.27203900924792,0.05515632214323607,-2.9598525553661954,71.66816565041381,119.57292863116969
43.22126951468173,2.0807699908988075,21.120682078299833,70.20633886658948,125.54428563806793
109.95745732745685,2.4067207581766183,29.06609278736525,76.37341831586419,105.51264821644838
58.38912213732114,0.09596138411528343,18.914919971018033,89.90570781740357,178.86641909151624
74.35528611139887,1.299066043725171,-2.651864520589516,82.33592466647637,126.43853002952632
110.6472110964547,3.801449115610675,30.556188496673542,82.07218777897936,114.84097586672772
82.42379959139922,0.6855485286449953,21.797735358186426,96.5376066468884,165.3573807615126
31.68980407083641,2.6765506572629585,9.408285306349775,96.86688544395517,165.09498675302797
113.98321236134751,1.0760093600861875,23.706514776803147,97.27525792160758,157.7648652426125
82.77080530714179,0.060603873219466364,2.995248962141643,79.41634229545082,127.81669278801434
53.49056146570861,1.2060072879977075,7.259610424710527,90.73167438217786,158.07858286907606
33.927207266338726,4.879368774550269,35.87429215659951,78.14899543823108,120.31064597233744
99.4025189270296,4.007685559414948,4.52522528357102,75.7182949922335,79.57688416102665
82.00727559285136,4.797883221605167,13.499413407896832,75.53897372042107,77.75155944859146
73.34610919763216,2.4392702196318123,34.507056869800735,80.26322862590783,130.92422690943346
109.38925830509577,0.5486809933875175,25.386067513376375,82.89872859339465,139.74972687418767
98.85972112245308,2.739797444868465,-6.889838691764862,94.92847513165205,132.0977382697736
35.167487973275115,2.2718866727998046,-2.634847786051483,73.59673280418136,117.35490145217882
51.17220677955483,4.22178541369808,-9.60792046140416,92.04777542184682,121.42499853578184
44.84891398144657,0.49041290392122294,21.54608951145817,85.94364742567916,173.57905294741252
94.3946292572677,2.441205685108891,12.383671270520917,78.63836028027977,111.85928429022725
23.353243473577937,0.7502433234699213,-3.286257454886224,84.78458753598474,151.68550753771927
76.98896848713164,1.6233796344502998,37.896706052838525,78.99826209331067,129.556553526884
96.24586857406905,3.686785386938998,16.482986197280994,87.88245865714919,116.95149836974733
107.67656367617495,2.3800906468438328,2.0946647056444583,83.01531768565732,109.29215742579036
54.20817487159075,1.8794414257288468,15.030178557735379,74.93216587236637,127.12407828624211
102.12573046720128,1.9723813928501766,23.981016636755392,73.49749223667091,110.93637784339163
31.063173695520724,2.297233842029933,-6.188039101321776,86.40087046216391,131.5195852365483
104.64522917345182,3.9250827191852844,3.7351907523945993,97.0723909985831,126.22925336153031
32.74886623319824,4.460423444701172,30.348274544199683,80.31873059673056,124.74036000723504
59.72872905603673,4.776673432519641,12.983243520133062,91.9900032166787,132.42643194835568
99.72953657795536,3.9345169312764754,17.328857101614744,89.759840648193,123.35759939811231
34.99174273487738,1.5770344787400636,11.640800110473464,97.94664742928443,179.25006057749914
42.92513952326415,3.4406735304327105,-7.805002867849744,94.62943051897423,138.37251241579307
92.22525683930662,2.1880156202769596,-1.7125110089922035,86.99815776716389,125.53388680238733
92.00365365460743,1.2733531102302558,12.277081937094543,89.71091494702321,151.4732681674397
84.11476328852973,4.204357897129613,0.4592732703963911,96.95159399752104,120.19092968498698
89.39484444671,0.19213174481162498,-7.501048567016063,81.98556353760804,129.73363537349405
74.27244433475963,4.508809960677118,32.182483202591186,79.80384117573333,104.46624730178199
45.179905890695274,2.307387323123671,39.05962645820579,70.32433250905589,125.44639884240001
54.56959935039195,3.1860073840414023,29.657143699836972,94.79653222574393,162.3417935341287
38.15977168014257,3.2967696110289135,32.68924608523335,94.02942101210095,157.00296601888132
110.84505613336283,4.475588703532682,2.098856515852269,73.13363554300454,57.355773631252376
78.33917947661205,3.183348410836037,38.031348775659986,87.305721433981,136.23077557932567
60.08514167636399,3.069667923800309,-0.15371477732858096,83.91945094500662,123.60719142052368
66.20058036441327,0.3332602028034498,37.571490518091615,73.56127286527334,145.4036643669834
114.72833396118153,2.59204010972602,39.74096469829755,99.4170468118217,160.5066059262304
35.33514031160802,0.7508450040852083,25.586140287302435,76.44087662390066,146.16586474774567
78.62298320167972,3.687168843607428,39.0571865895911,72.01702540271684,96.70890702255211
70.5888678884466,2.5611096040633723,18.476988978355184,87.84542138505728,140.71805246024678
81.14542354346477,3.4011388960417666,2.9770891588045174,92.16600031399098,123.29412013375399
21.81101838208405,0.20836450301192133,11.849794283281042,70.9733033814156,150.16503702662956
107.21239089441515,0.4239600802290161,19.678046768939296,89.76152916181067,155.81129967924883
113.21182824836124,3.5816169403134115,-6.345921898649251,85.96875627854364,96.08159221735042
76.51331835892088,0.36042167999336683,21.117163230862303,73.09795026625146,127.139343603381
89.66508238768922,0.356283638826293,39.058891838114725,75.17571630839086,138.95379639820143
112.24993811772957,0.06054237617443725,-0.4946175108136188,87.03922891948241,138.35323427638605
90.72386343133986,4.7825069914974,29.629755814419163,78.89072840539865,103.1382746512807
35.25390429142614,3.687541797295035,35.39493968898097,98.14947185953949,167.4769051519115
77.62883601668132,1.7662570425103208,37.18507964101104,94.56220688452152,163.1075736648983
80.6715046382856,1.4826779064382762,38.00678022027236,99.50701619540989,188.44139547086644
62.4130671302386,1.7485161487292478,16.072981936073596,77.79012516851242,127.65420133629868
93.64442356247228,3.8732676559059094,38.865395399575185,99.09170898393931,154.63431041970992
113.43670147690149,3.306853055352072,27.86551035672194,82.93701609374673,109.66611383203946
112.55685129067763,0.9259778393373397,-1.9164281881519045,80.42556385941263,118.68165798289525
65.08393714041321,0.8705466766704217,13.8450053233985,71.51048580908059,123.26837632674824
31.323804584075525,0.4919782485669866,25.916558768600197,71.58295773578809,132.359024534503
118.48411989623345,3.301513598506691,2.3670157909541665,90.76033767839964,124.22018685064262
103.88980864459342,3.8218633111086797,22.030759177444367,83.73786983302084,115.55876585491177
32.46626812032669,1.3252321416250201,23.33002395233096,76.79564878108317,140.2781311052537
112.08418826173724,0.10472480515456406,-1.8650128095717058,88.41910918975698,135.72185874238204
106.98963620621282,0.41085833738213673,18.254265622637813,77.58574354750334,129.83095373965816
71.88380571260721,4.839300174225152,28.581345548930386,87.32895263033268,119.42392307616883
79.12754357449293,1.4772238873871013,14.944783226797096,80.77626240948071,132.29275922895724
59.90027038701302,3.846115739190668,-9.394844161194628,94.70656679835457,129.2423599890717
25.47616388220313,3.1233178442713188,-9.548076546035391,94.62088482300338,148.12290871214458
53.519724164590095,1.9096981982644796,7.8514671985006075,84.32051194367205,144.6503867515316
100.28534485980114,1.0284363109777757,36.3097034215891,80.52457328005048,141.67454772882064
20.463202300460285,0.6069320907970321,1.4338389801804379,80.87679389677284,145.0139481909778
53.34991716911442,3.075064840194333,21.718184443584356,94.17143577004654,159.2591544727699
59.81686935909433,3.87316890318894,1.1037935346660284,79.84538448392836,111.76898871301346
73.7395602937923,3.2195212677056535,6.08349948297743,76.27178121120538,117.02851507126567
111.98556164127605,2.6515106662457915,32.4021044800742,72.5406502562592,95.55410743151678
54.634599436596126,0.20975611715818132,26.443072113497344,84.00079362653226,163.9495923730039
54.69532018962277,4.842443887971919,-5.230036134339469,84.46396296759525,91.06937941546981
93.75012481097484,3.9935709582728727,11.43510104932168,95.22726131208722,130.87707190471016
65.22179408898072,1.4641101835048236,-8.541511817736776,76.63716089338192,112.05492432531915
42.4604822939982,4.899851646794254,14.044507330150449,81.429738210052,117.76229790316198
65.24395161326933,3.0094079481816105,23.121700585053404,94.25217216681072,146.52485481025835
34.085702037979985,2.912113291036232,-4.074868820092422,94.7087083224692,139.58722352329957
37.63869865062233,3.7403658971476608,4.444246945458284,81.53833227936305,114.24720076127932
69.83677727394797,4.058848940450687,9.891831275107847,83.77372069860043,101.07639559197781
61.89254495045479,3.2823930366575134,35.976551232802485,79.0985767254785,128.54923248818324
111.48459010681,0.6404787318310001,39.662750771148204,97.97664635257937,165.60908850909823
56.23938991166331,1.691337529972492,-7.754435050219207,73.55931297224741,109.5985040520771
78.05883502780435,4.640418201630249,28.050396174769602,98.0124826900441,129.83927184354823
83.22642879195304,1.1230780592192597,8.58620332011716,90.5159935550603,147.52489051771747
21.309445658833365,1.8608351191875667,9.622909311474,85.94716458060194,159.92148970643785
86.35373720167107,2.16038441472098,27.713248667351138,70.97977182353488,110.10944213021318
37.80359668697514,2.197024948472261,35.921321607270436,84.26788575466026,148.8676357973159
116.10703174694551,3.0646979124726275,37.54642972512742,82.23244315008196,117.60299506922229
34.866272775311295,4.715379188723538,18.856129301916038,74.83656435925367,101.57760400985883
61.462412372702374,1.203463559162525,7.8560579650251405,89.69228810501971,155.20239761833304
28.534966807864386,0.6075068815045903,29.377454292938964,99.13452722104857,191.48793091475727
119.68742518459473,0.9873524492996866,2.5500691631150136,86.86566433193576,132.1894475662904
70.21950103312426,4.434624501046348,18.20370144167589,91.44259829331838,113.05299382906009
79.53850173200438,3.2290540632760303,7.9289230762436596,72.0535135769805,88.76997477790218
26.70764773884275,1.4295339461958005,22.831553685393807,82.53000987450984,151.72679359584805
94.99604703991778,4.079734694843086,2.019945644675346,73.49075455493488,81.86195500215742
40.99055930955858,4.30684998181718,-0.42035271325871193,88.38387506609531,121.30506042790623
109.80542894407138,4.232571693451391,35.91195433377185,98.15446474642464,131.96974577271845
40.51396404820072,4.5946326681977725,-4.909815852523155,89.85333197414916,114.22627449651371
39.068772066366655,1.261205100866808,15.297895386746582,72.30409144943265,128.91784801139755
23.65496678480949,3.7752096437313916,1.042639148150446,80.63998614955248,116.55736869110063
67.20669451099992,2.3026974863707,-8.053501833716627,86.51990138322554,122.92844808440707
76.48411332626165,4.209992764450307,-8.199059085428681,82.09623268399757,92.64360523533935
26.57086394283524,3.642453385808066,-1.2389113947086337,95.00932031425518,148.48423187602128
97.55276166950105,3.882237232498623,33.338517725300015,94.44013014129968,134.87285545506674
65.32888347480275,3.2808091884053576,4.123937198851333,88.35493060309665,125.92461665897922
72.439026932758,0.8871438473485344,37.52295852876479,81.20373835398115,161.41549235943467
64.07627469382282,2.7251345944846914,19.08111464945968,77.66009121289733,111.2680982131111
60.0763060875326,4.923348697622541,11.830709488438305,73.17622954639388,75.75222137664845
75.96403313082179,4.6869403324855945,19.00444173347273,80.64693050459663,105.05541693582016
35.524024593071246,0.21586867898505835,15.834919261313388,82.39517551623159,156.4987011888774
38.19281304952711,0.8240740786471856,27.93881268786626,90.27468775312221,173.22900951013446
106.17856210135173,0.6586438672728095,4.124803298642613,89.7447947289272,139.20620191338654
114.61154621336327,3.6298995499264777,7.65251958001512,72.10324418923771,76.05128810137167
57.330931627975296,4.088926649284725,34.704715126662535,81.85777946293473,130.9720610684426
47.074467314355374,1.0675568315533597,37.322825657520276,75.45336601652086,148.78087864505224
84.39995432390158,2.529263464759145,34.62791137432372,74.70438115950417,120.42121462084316
60.87341710980964,4.203515140056,10.97239969786568,94.81906449211738,127.7460170207015
22.538635566034486,3.664007723831253,29.01827515034408,71.25745650148772,107.86661398726028
35.61525973661904,2.7111860274592416,13.816786665054941,82.57548627706365,120.06753439364951
91.59722288473975,2.9517384522938643,14.876992607305109,75.04610967299554,96.48726015586931
85.89239419101514,2.5418027345814,0.2340054528641975,96.37990647035423,146.4745859959503
22.709599250348347,1.4877422565941028,19.556515162925823,86.71121539825106,164.09511861566136
42.19721619329495,2.8251099642950805,-0.6932051123326026,76.94141909130545,111.51840481074468
43.10747965880714,3.4444265102504534,6.57823495335969,85.07281861499129,125.9467442879255
87.18927435987284,4.366614579304039,32.75151008099676,91.94459079109347,126.99758080880605
21.971053775436417,3.1814567698962404,0.3537904605427613,98.74354026758301,160.281886345853
30.410858198457383,3.80560768521579,-6.442085741328359,76.61338012736257,106.65577446976891
99.99160853731894,0.800358174772865,-6.549620369359185,96.58545316388035,143.81559789710442
37.85446620543336,2.3077873720989492,37.03922602515539,98.02912342502471,181.64188471919437
85.27461078518748,0.04665809913546648,15.346021898091731,97.49261633596198,181.27145374883224
43.81827810467265,1.233394322608115,10.470603590850917,89.0624307058573,155.80523510484028
29.944139275934518,3.632308575565024,30.543929050395924,88.89461963304123,151.25837931345276
44.317219099945405,4.9590497567468175,31.791296395525798,82.09631899551468,131.27589511370323
92.22669318556592,0.49589049793607953,6.60955165578023,92.57193646911364,155.30002186615238
105.56964681062857,2.0074715793064413,24.68090287368976,85.93882055052796,134.43901795167443
103.02198645669915,4.000354843495797,28.556140792594327,90.32314213684883,120.32392487972015
59.71835296184548,1.0201781731444943,22.73253434329773,82.85373711546386,149.86270959558826
86.80851365706462,2.7754247465114315,-2.4202462599950314,91.94489392129417,131.18422127526864
40.4984295415821,3.665356480148374,33.79415417585285,94.73414552813648,158.53648618159173
49.31477302610133,3.0799272513008953,16.954727636800435,74.39308769808449,106.57135819518557
109.63358185211197,0.9401236730770807,4.123621318500184,94.98789146722685,150.77809116392663
21.300192351073605,1.776922843428697,11.261409271884695,86.20889595370922,161.20019009733994
28.550853085446807,3.9189589224269863,-8.12144548005463,95.33997727270673,141.1075654780549
40.78862551460273,2.7711325706600833,-3.6066599388791225,82.93905119023044,128.93679499539888
22.65322038738197,0.026148067714563683,28.277337525793044,81.37121456149106,168.63859124245525
38.14354350897973,3.8049538001404692,-9.999418262231693,97.45182197551668,144.16083496293743
78.30415609696922,0.17655677470119535,10.82829142411461,77.53507802645204,136.6238263799413
62.1424550592498,3.728668913656161,16.125509054279423,95.32636975858429,138.03151474153555
109.26717110769748,1.012402800826187,-7.268278999951385,84.52061717528213,124.09552053401183
101.7443561738441,4.790367400596901,38.653908148616644,85.4228632765378,106.78721645206011
54.1817351697876,1.8397037565104224,1.3062665624835965,79.25404844468451,121.34527068014634
45.94234334312925,1.6346580816903955,5.209935981814043,87.19126601857047,147.80485774466712
57.96924081672669,0.7444402516622234,5.197125612751366,79.75633588828634,138.76228118820876
79.02949425148077,1.5280210774510743,1.5208331058674958,71.17808242724956,98.18136003209227
46.80636408228763,4.383253809141003,-9.926308895684429,78.15995816033069,98.75224341263723
82.41489078491341,4.981671688136236,26.467239704399816,70.19137130219772,81.93520973126132
60.941165219124045,1.8415476525342416,38.34227498996427,99.35064361170569,177.65095644925947
75.20471808519802,2.2430531547727126,1.2146741642522532,98.97241629459242,145.87229871577856
63.61265291353167,3.6103546910136854,23.152359590171123,81.85465892416914,119.37363196382034
49.44657595419177,4.430978902325372,27.094816347935755,91.85112563018939,135.8761790555296
114.84533069621567,2.9652216709339205,32.421268954526234,80.37418295231275,113.41888674894982
96.36057941597608,1.9576284908891468,11.131459850680457,90.13279471257928,135.5312773110367
34.011317576645254,2.0631092042431187,5.146545282021462,94.16290129137937,150.02730360461965
106.84679758979128,3.478090732484034,6.264756701151555,98.40268734076722,131.1610717388267
68.74311982495136,0.016091318021393408,25.63106665492564,82.00636827549016,154.51632519540223
109.45522268940914,3.0979466872992036,30.8389733252818,93.49893948868143,141.76963708405927
99.98552559473153,1.777465052206787,-0.9193016121698676,77.97785351896357,104.23474965829962
62.52135044692334,3.9709866563854215,8.54705040788826,99.70996911380945,153.62056510049464
22.24693083201174,0.4649531991156608,35.097009837457506,70.77308796293053,138.2128668505709
46.867735938494604,2.9410113347419524,30.33467598473696,88.10586419503363,154.464469742481
74.16342146608669,2.404864449430619,39.24292013812379,89.78517944953981,151.7725531796188
83.34782198261473,3.211627629526137,27.712412984104034,90.64136671222386,142.31624138817173
45.78876854332023,0.32426797241484173,9.659760051396113,73.61162736367267,135.47283188619258
33.93560740728241,2.899918937140656,19.531891699731887,98.15589350419391,172.59563894478984
103.4930236799299,2.8074229397976187,23.050712712366014,75.43549837150249,101.33740677446877
118.44021807035521,2.8033004720808545,-6.077209184143802,88.68260209719523,105.26842733451439
72.56901823026858,3.017438332982274,17.224847955193255,76.68028237369255,117.13042136243371
37.16792858483035,3.382339686131811,25.46604142363048,79.21649251063812,125.62482706691355
47.2307326519369,4.024944998403849,-1.6339347999469815,86.39375625184373,118.65966769221546
21.839067654746675,1.3491036006410717,29.031585871277855,82.5158025569373,165.67840131690278
111.4298806560499,4.1252470509003105,19.18863902570558,74.80676802929518,79.36664465515291
31.775108289014113,2.491278411317268,37.61108928487973,75.12809207262545,137.59386667601012
77.65164755142536,0.3852913956716558,-7.878885089655415,82.544343644884,131.0513627404817
47.4055220687206,0.292754646219896,3.2663068777733493,92.71848934826502,169.2600822743797
75.41780025157934,1.6711915934803039,20.077693964991205,96.93893940543366,164.9408646100075
85.14203883518643,3.9244848855573378,4.827995610296535,72.52382986778149,75.17308772734725
102.97418037072016,3.5384046737045787,25.721208203562114,81.79311722678203,106.27635249298112
40.64212717606032,3.943074823362032,27.95026412609655,73.0073669116863,115.12184396204817
21.09958286584805,2.586345282208047,-4.874201796676277,70.49777441897794,110.79607620070682
33.68856300688073,2.2009949897774526,15.692723210338386,89.85156047931869,155.11976587733164
110.00186418481051,0.7372626335314197,15.444527779552793,88.07348325899764,144.7116621095788
107.38900775625153,1.6409637680465576,8.464038510777055,74.89057341444659,103.91561354875837
79.74131021703083,2.1700968308693764,36.646243128483604,77.01438499279192,133.51144710516255
80.05168604336534,0.44300214839808616,31.37531599366106,70.71123260933555,127.66283302954035
86.50366745462554,1.1030597635560562,24.86046909548184,95.04841617083211,166.70457947813117
37.53712786234496,2.991126470318694,25.716331786749876,99.24071788145655,175.89734931510796
111.44119459249598,3.678315571195949,13.085807190655956,74.06378610384073,80.56810428907161
61.87705248920731,4.991737556964749,36.049726054828795,76.94425641295895,111.2268304594071
58.31385282494975,4.665566656717789,24.729771362664266,96.05228571840803,132.66732765476848
71.89177052828376,3.2128259976759574,26.44905308279082,97.79391393868555,163.26477393908579
24.696596677505504,2.10624026647036,33.08454518936726,82.58882148420432,151.38515597537713
36.62833687560794,3.1808868235411634,3.7035794671095505,71.51867416807222,100.8782750324788
93.80336164263704,3.92825809040116,30.35354519333515,71.18175501078458,80.66664236551932
28.279866792512646,0.5916809546169366,-0.23796985217539834,87.21849598207031,157.64326386724127
80.31521094663881,2.049524448481441,7.267097612244392,81.78685326679538,117.41841491577247
44.534910968132095,4.199011428178086,6.780522713492136,70.85957282732963,86.72058771231745
58.929561404197656,1.91916475966522,38.926273419457026,87.4975717693767,156.90120940162603
48.86937367706999,2.8593613561359326,32.82686118739634,70.33907609767067,118.6261151969237
55.567271646494916,2.938846804310991,25.058493079512985,93.6211587444782,154.75093124865765
91.90459051842456,0.9223812656681968,26.35283808076951,79.19298468110115,136.3055818573833
49.7121715623175,1.811177208261442,18.103639720128555,71.20774009027696,112.96427954508071
76.64046402968972,1.6725564437096607,37.35453335542596,87.65056662949459,149.856925842685
67.60504021990997,0.13098354266032397,14.812937644118076,81.93053243299164,158.66981128722264
86.36711653626482,0.12095881945677622,9.025885493494727,99.21401240071448,172.14523921891288
113.6829739324758,4.158485218378868,-1.8482331534204501,86.32595987511107,104.31910007026698
93.25720972102503,1.3653540498640622,29.310282613052898,78.25717543111026,128.3234827593945
41.494037859075675,2.5903938311940773,26.722196603779572,91.28316593901924,157.58672019098233
23.118313506128466,1.4936278679438653,9.217751926206745,78.14476007628134,144.37844918553853
46.22640442998251,4.703396225576703,-8.740329302038532,97.12729874222696,135.34201135836614
79.50779307002549,1.2964837943288687,31.949866385900535,81.2416591152213,141.0870127577011
25.142581348425033,2.1482840636946756,-9.429100827296319,86.49605688328616,137.3107330438422
69.63662472012363,4.3636512524230096,25.18498898145255,71.51719311472687,90.81977853730176
79.68428489168892,4.209667833959044,38.512855486302854,82.78363713856692,120.51152585434875
53.424389081696084,0.9305070892313866,11.883066407410173,94.97090618982985,175.00747640089085
97.09122037458219,4.013216548978552,1.7486702497976374,94.16946416090026,119.97488113950992
30.65982531337718,2.290934433689463,25.243550502169086,76.72955676560579,137.0680283415041
27.513778173580874,2.414844360426776,30.856407100779258,76.78237213031689,144.7821694160361
92.81887562036033,0.6673998620797189,17.321515803892364,94.5191593663971,165.08596338915902
69.54913162061985,0.40300756878562327,38.35176376280731,97.91195260507976,191.6632361975449
88.84023964277361,3.639696534868826,-7.416563917101945,72.8608276381901,71.36978195085854
63.48273386037462,2.482305761776499,15.239779915226407,83.50175918278676,117.601879863164
44.64020332391068,2.1842535130758978,25.9226973661275,80.12362836892687,139.91588793913616
101.91023176741997,3.6475411432619835,33.13202355745895,96.12065366372317,141.28471698692567
99.94158789689793,3.8275644949555487,-1.0372194046104983,72.50574744040057,73.66085048529732
89.46964708544267,0.7945408383467678,30.000174088184068,76.33377827674113,134.09899210940554
47.21451372299627,3.0511257473882063,17.635353785927265,92.57405012759483,148.98814691138782
79.0230666869087,0.6767704113884276,9.82768409949816,71.53881546943647,123.15575012183463
56.09738969400268,3.7568754301452283,-3.414248571045322,84.77606142142868,113.87758168897649
29.158207332663416,3.2847757813356977,33.26478794544562,83.2632110403916,137.82897961499913
111.73135754622427,4.78307310541729,-2.1363395910142327,80.03203536966245,82.59659382057406
33.68186309189614,0.3447900817821059,5.489392960454962,81.83716945956772,151.78092027924203
115.02373538208025,0.2852736057562716,4.502276598121844,85.89821760790699,139.32040026104966
64.60057729579557,1.4109353734660006,33.57070170954272,74.8410207516515,130.59081190371168
